"","Survived","Pclass","Title","Embarked","FamilyType","AgeType","Fare_per_person","type","PassengerId"
"1","0","3","Mr","S","Regular","Adult",7.25,"train",1
"2","1","1","Mrs","C","Regular","Adult",35.64165,"train",2
"3","1","3","Miss","S","Single","Adult",7.925,"train",3
"4","1","1","Mrs","S","Regular","Adult",26.55,"train",4
"5","0","3","Mr","S","Single","Adult",8.05,"train",5
"6","0","3","Mr","Q","Single","Adult",8.4583,"train",6
"7","0","1","Mr","S","Single","Adult",25.93125,"train",7
"8","0","3","Master","S","Large","Child",4.215,"train",8
"9","1","3","Mrs","S","Regular","Adult",3.7111,"train",9
"10","1","2","Mrs","C","Regular","Child",15.0354,"train",10
"11","1","3","Miss","S","Regular","Child",5.56666666666667,"train",11
"12","1","1","Miss","S","Single","Adult",26.55,"train",12
"13","0","3","Mr","S","Single","Adult",8.05,"train",13
"14","0","3","Mr","S","Large","Adult",4.46785714285714,"train",14
"15","0","3","Miss","S","Single","Child",7.8542,"train",15
"16","1","2","Mrs","S","Single","Adult",16,"train",16
"17","0","3","Master","Q","Large","Child",4.85416666666667,"train",17
"18","1","2","Mr","S","Single","Adult",13,"train",18
"19","0","3","Mrs","S","Regular","Adult",9,"train",19
"20","1","3","Mrs","C","Single","Adult",7.225,"train",20
"21","0","2","Mr","S","Single","Adult",13,"train",21
"22","1","2","Mr","S","Single","Adult",13,"train",22
"23","1","3","Miss","Q","Single","Child",8.0292,"train",23
"24","1","1","Mr","S","Single","Adult",35.5,"train",24
"25","0","3","Miss","S","Large","Child",4.215,"train",25
"26","1","3","Mrs","S","Large","Adult",4.48392857142857,"train",26
"27","0","3","Mr","C","Single","Adult",7.225,"train",27
"28","0","1","Mr","S","Large","Adult",43.8333333333333,"train",28
"29","1","3","Miss","Q","Single","Adult",7.8792,"train",29
"30","0","3","Mr","S","Single","Adult",7.8958,"train",30
"31","0","1","Mr","C","Single","Adult",27.7208,"train",31
"32","1","1","Mrs","C","Regular","Adult",48.8402666666667,"train",32
"33","1","3","Miss","Q","Single","Adult",7.75,"train",33
"34","0","2","Mr","S","Single","Elder",10.5,"train",34
"35","0","1","Mr","C","Regular","Adult",41.0854,"train",35
"36","0","1","Mr","S","Regular","Adult",26,"train",36
"37","1","3","Mr","C","Single","Adult",7.2292,"train",37
"38","0","3","Mr","S","Single","Adult",8.05,"train",38
"39","0","3","Miss","S","Regular","Adult",9,"train",39
"40","1","3","Miss","C","Regular","Child",5.62085,"train",40
"41","0","3","Mrs","S","Regular","Adult",9.475,"train",41
"42","0","2","Mrs","S","Regular","Adult",10.5,"train",42
"43","0","3","Mr","C","Single","Adult",7.8958,"train",43
"44","1","2","Miss","C","Regular","Child",10.3948,"train",44
"45","1","3","Miss","Q","Single","Adult",7.8792,"train",45
"46","0","3","Mr","S","Single","Adult",8.05,"train",46
"47","0","3","Mr","Q","Regular","Adult",7.75,"train",47
"48","1","3","Miss","Q","Single","Adult",7.75,"train",48
"49","0","3","Mr","C","Regular","Adult",7.2264,"train",49
"50","0","3","Mrs","S","Regular","Adult",8.9,"train",50
"51","0","3","Master","S","Large","Child",5.66964285714286,"train",51
"52","0","3","Mr","S","Single","Adult",7.8,"train",52
"53","1","1","Mrs","C","Regular","Adult",25.5764,"train",53
"54","1","2","Mrs","S","Regular","Adult",13,"train",54
"55","0","1","Mr","C","Regular","Elder",30.9896,"train",55
"56","1","1","Mr","S","Single","Adult",35.5,"train",56
"57","1","2","Miss","S","Single","Adult",10.5,"train",57
"58","0","3","Mr","C","Single","Adult",7.2292,"train",58
"59","1","2","Miss","S","Regular","Child",6.9375,"train",59
"60","0","3","Master","S","Large","Child",5.8625,"train",60
"61","0","3","Mr","C","Single","Adult",7.2292,"train",61
"62","1","1","Miss","C","Single","Adult",40,"train",62
"63","0","1","Mr","S","Regular","Adult",41.7375,"train",63
"64","0","3","Master","S","Large","Child",4.65,"train",64
"65","0","1","Mr","C","Single","Child",27.7208,"train",65
"66","1","3","Master","C","Regular","Child",5.08193333333333,"train",66
"67","1","2","Mrs","S","Single","Adult",10.5,"train",67
"68","0","3","Mr","S","Single","Adult",8.1583,"train",68
"69","1","3","Miss","S","Large","Child",7.925,"train",69
"70","0","3","Mr","S","Regular","Adult",8.6625,"train",70
"71","0","2","Mr","S","Single","Adult",10.5,"train",71
"72","0","3","Miss","S","Large","Child",5.8625,"train",72
"73","0","2","Mr","S","Single","Adult",10.5,"train",73
"74","0","3","Mr","C","Regular","Adult",7.2271,"train",74
"75","1","3","Mr","S","Single","Adult",7.061975,"train",75
"76","0","3","Mr","S","Single","Adult",7.65,"train",76
"77","0","3","Mr","S","Single","Adult",7.8958,"train",77
"78","0","3","Mr","S","Single","Adult",8.05,"train",78
"79","1","2","Master","S","Regular","Child",9.66666666666667,"train",79
"80","1","3","Miss","S","Single","Adult",6.2375,"train",80
"81","0","3","Mr","S","Single","Adult",9,"train",81
"82","1","3","Mr","S","Single","Adult",9.5,"train",82
"83","1","3","Miss","Q","Single","Child",7.7875,"train",83
"84","0","1","Mr","S","Single","Adult",23.55,"train",84
"85","1","2","Miss","S","Single","Child",10.5,"train",85
"86","1","3","Mrs","S","Regular","Adult",7.925,"train",86
"87","0","3","Mr","S","Large","Child",6.875,"train",87
"88","0","3","Mr","S","Single","Adult",8.05,"train",88
"89","1","1","Miss","S","Large","Adult",43.8333333333333,"train",89
"90","0","3","Mr","S","Single","Adult",8.05,"train",90
"91","0","3","Mr","S","Single","Adult",8.05,"train",91
"92","0","3","Mr","S","Single","Adult",7.8542,"train",92
"93","0","1","Mr","S","Regular","Adult",30.5875,"train",93
"94","0","3","Mr","S","Regular","Adult",5.14375,"train",94
"95","0","3","Mr","S","Single","Adult",7.25,"train",95
"96","0","3","Mr","S","Single","Adult",8.05,"train",96
"97","0","1","Mr","C","Single","Elder",34.6542,"train",97
"98","1","1","Mr","C","Regular","Adult",31.67915,"train",98
"99","1","2","Mrs","S","Regular","Adult",11.5,"train",99
"100","0","2","Mr","S","Regular","Adult",13,"train",100
"101","0","3","Miss","S","Single","Adult",7.8958,"train",101
"102","0","3","Mr","S","Single","Adult",7.8958,"train",102
"103","0","1","Mr","S","Regular","Adult",38.64375,"train",103
"104","0","3","Mr","S","Single","Adult",8.6542,"train",104
"105","0","3","Mr","S","Regular","Adult",7.925,"train",105
"106","0","3","Mr","S","Single","Adult",7.8958,"train",106
"107","1","3","Miss","S","Single","Adult",7.65,"train",107
"108","1","3","Mr","S","Single","Adult",7.775,"train",108
"109","0","3","Mr","S","Single","Adult",7.8958,"train",109
"110","1","3","Miss","Q","Regular","Child",8.05,"train",110
"111","0","1","Mr","S","Single","Adult",26,"train",111
"112","0","3","Miss","C","Regular","Child",7.2271,"train",112
"113","0","3","Mr","S","Single","Adult",8.05,"train",113
"114","0","3","Miss","S","Regular","Adult",9.825,"train",114
"115","0","3","Miss","C","Single","Child",7.22915,"train",115
"116","0","3","Mr","S","Single","Adult",7.925,"train",116
"117","0","3","Mr","Q","Single","Elder",7.75,"train",117
"118","0","2","Mr","S","Regular","Adult",10.5,"train",118
"119","0","1","Mr","C","Regular","Adult",82.5069333333333,"train",119
"120","0","3","Miss","S","Large","Child",4.46785714285714,"train",120
"121","0","2","Mr","S","Regular","Adult",10.5,"train",121
"122","0","3","Mr","S","Single","Child",8.05,"train",122
"123","0","2","Mr","C","Regular","Adult",15.0354,"train",123
"124","1","2","Miss","S","Single","Adult",13,"train",124
"125","0","1","Mr","S","Regular","Adult",38.64375,"train",125
"126","1","3","Master","C","Regular","Child",5.62085,"train",126
"127","0","3","Mr","Q","Single","Elder",7.75,"train",127
"128","1","3","Mr","S","Single","Adult",7.1417,"train",128
"129","1","3","Miss","C","Regular","Child",7.45276666666667,"train",129
"130","0","3","Mr","S","Single","Adult",6.975,"train",130
"131","0","3","Mr","C","Single","Adult",7.8958,"train",131
"132","0","3","Mr","S","Single","Adult",7.05,"train",132
"133","0","3","Mrs","S","Regular","Adult",7.25,"train",133
"134","1","2","Mrs","S","Regular","Adult",13,"train",134
"135","0","2","Mr","S","Single","Adult",13,"train",135
"136","0","2","Mr","C","Single","Adult",15.0458,"train",136
"137","1","1","Miss","S","Regular","Adult",26.2833,"train",137
"138","0","1","Mr","S","Regular","Adult",26.55,"train",138
"139","0","3","Mr","S","Single","Child",4.60835,"train",139
"140","0","1","Mr","C","Single","Adult",39.6,"train",140
"141","0","3","Mrs","C","Regular","Adult",5.08193333333333,"train",141
"142","1","3","Miss","S","Single","Adult",7.75,"train",142
"143","1","3","Mrs","S","Regular","Adult",7.925,"train",143
"144","0","3","Mr","Q","Single","Adult",6.75,"train",144
"145","0","2","Mr","S","Single","Adult",11.5,"train",145
"146","0","2","Mr","S","Regular","Adult",9.1875,"train",146
"147","1","3","Mr","S","Single","Adult",7.7958,"train",147
"148","0","3","Miss","S","Large","Child",6.875,"train",148
"149","0","2","Mr","S","Regular","Adult",8.66666666666667,"train",149
"150","0","2","Mr","S","Single","Adult",13,"train",150
"151","0","2","Mr","S","Single","Adult",12.525,"train",151
"152","1","1","Mrs","S","Regular","Adult",33.3,"train",152
"153","0","3","Mr","S","Single","Adult",8.05,"train",153
"154","0","3","Mr","S","Regular","Adult",4.83333333333333,"train",154
"155","0","3","Mr","S","Single","Adult",7.3125,"train",155
"156","0","1","Mr","C","Regular","Adult",30.6896,"train",156
"157","1","3","Miss","Q","Single","Child",7.7333,"train",157
"158","0","3","Mr","S","Single","Adult",8.05,"train",158
"159","0","3","Mr","S","Single","Adult",8.6625,"train",159
"160","0","3","Master","S","Large","Child",6.32272727272727,"train",160
"161","0","3","Mr","S","Regular","Adult",8.05,"train",161
"162","1","2","Mrs","S","Single","Adult",7.875,"train",162
"163","0","3","Mr","S","Single","Adult",7.775,"train",163
"164","0","3","Mr","S","Single","Child",8.6625,"train",164
"165","0","3","Master","S","Large","Child",5.66964285714286,"train",165
"166","1","3","Master","S","Regular","Child",6.84166666666667,"train",166
"167","1","1","Mrs","S","Regular","Adult",27.5,"train",167
"168","0","3","Mrs","S","Large","Adult",4.65,"train",168
"169","0","1","Mr","S","Single","Adult",25.925,"train",169
"170","0","3","Mr","S","Single","Adult",7.061975,"train",170
"171","0","1","Mr","S","Single","Adult",33.5,"train",171
"172","0","3","Master","Q","Large","Child",4.85416666666667,"train",172
"173","1","3","Miss","S","Regular","Child",3.7111,"train",173
"174","0","3","Mr","S","Single","Adult",7.925,"train",174
"175","0","1","Mr","C","Single","Adult",30.6958,"train",175
"176","0","3","Mr","S","Regular","Adult",7.8542,"train",176
"177","0","3","Master","S","Large","Child",5.09334,"train",177
"178","0","1","Miss","C","Single","Adult",28.7125,"train",178
"179","0","2","Mr","S","Single","Adult",13,"train",179
"180","0","3","Mr","S","Single","Adult",0,"train",180
"181","0","3","Miss","S","Large","Child",6.32272727272727,"train",181
"182","0","2","Mr","C","Single","Adult",15.05,"train",182
"183","0","3","Master","S","Large","Child",4.48392857142857,"train",183
"184","1","2","Master","S","Regular","Child",9.75,"train",184
"185","1","3","Miss","S","Regular","Child",7.34166666666667,"train",185
"186","0","1","Mr","S","Single","Adult",50,"train",186
"187","1","3","Mrs","Q","Regular","Elder",7.75,"train",187
"188","1","1","Mr","S","Single","Adult",26.55,"train",188
"189","0","3","Mr","Q","Regular","Adult",7.75,"train",189
"190","0","3","Mr","S","Single","Adult",7.8958,"train",190
"191","1","2","Mrs","S","Single","Adult",13,"train",191
"192","0","2","Mr","S","Single","Adult",13,"train",192
"193","1","3","Miss","S","Regular","Adult",7.8542,"train",193
"194","1","2","Master","S","Regular","Child",8.66666666666667,"train",194
"195","1","1","Mrs","C","Single","Adult",27.7208,"train",195
"196","1","1","Miss","C","Single","Adult",48.8402666666667,"train",196
"197","0","3","Mr","Q","Single","Elder",7.75,"train",197
"198","0","3","Mr","S","Regular","Adult",8.4042,"train",198
"199","1","3","Miss","Q","Single","Adult",7.75,"train",199
"200","0","2","Miss","S","Single","Adult",13,"train",200
"201","0","3","Mr","S","Single","Adult",9.5,"train",201
"202","0","3","Mr","S","Large","Adult",6.32272727272727,"train",202
"203","0","3","Mr","S","Single","Adult",6.4958,"train",203
"204","0","3","Mr","C","Single","Adult",7.225,"train",204
"205","1","3","Mr","S","Single","Adult",8.05,"train",205
"206","0","3","Miss","S","Regular","Child",5.23125,"train",206
"207","0","3","Mr","S","Regular","Adult",7.925,"train",207
"208","1","3","Mr","C","Single","Adult",9.39375,"train",208
"209","1","3","Miss","Q","Single","Child",7.75,"train",209
"210","1","1","Mr","C","Single","Adult",31,"train",210
"211","0","3","Mr","S","Single","Adult",7.05,"train",211
"212","1","2","Miss","S","Single","Adult",10.5,"train",212
"213","0","3","Mr","S","Single","Adult",7.25,"train",213
"214","0","2","Mr","S","Single","Adult",13,"train",214
"215","0","3","Mr","Q","Regular","Adult",7.75,"train",215
"216","1","1","Miss","C","Regular","Adult",37.7583333333333,"train",216
"217","1","3","Miss","S","Single","Adult",7.925,"train",217
"218","0","2","Mr","S","Regular","Adult",13.5,"train",218
"219","1","1","Miss","C","Single","Adult",38.14585,"train",219
"220","0","2","Mr","S","Single","Adult",10.5,"train",220
"221","1","3","Mr","S","Single","Child",8.05,"train",221
"222","0","2","Mr","S","Single","Adult",13,"train",222
"223","0","3","Mr","S","Single","Adult",8.05,"train",223
"224","0","3","Mr","S","Single","Adult",7.8958,"train",224
"225","1","1","Mr","S","Regular","Adult",45,"train",225
"226","0","3","Mr","S","Single","Adult",9.35,"train",226
"227","1","2","Mr","S","Single","Adult",10.5,"train",227
"228","0","3","Mr","S","Single","Adult",7.25,"train",228
"229","0","2","Mr","S","Single","Adult",13,"train",229
"230","0","3","Miss","S","Large","Child",5.09334,"train",230
"231","1","1","Mrs","S","Regular","Adult",41.7375,"train",231
"232","0","3","Mr","S","Single","Adult",7.775,"train",232
"233","0","2","Mr","S","Single","Adult",13.5,"train",233
"234","1","3","Miss","S","Large","Child",4.48392857142857,"train",234
"235","0","2","Mr","S","Single","Adult",10.5,"train",235
"236","0","3","Miss","S","Single","Adult",7.55,"train",236
"237","0","2","Mr","S","Regular","Adult",13,"train",237
"238","1","2","Miss","S","Regular","Child",8.75,"train",238
"239","0","2","Mr","S","Single","Adult",10.5,"train",239
"240","0","2","Mr","S","Single","Adult",12.275,"train",240
"241","0","3","Miss","C","Regular","Adult",7.2271,"train",241
"242","1","3","Miss","Q","Regular","Child",7.75,"train",242
"243","0","2","Mr","S","Single","Adult",10.5,"train",243
"244","0","3","Mr","S","Single","Adult",7.125,"train",244
"245","0","3","Mr","C","Single","Adult",7.225,"train",245
"246","0","1","Mr","Q","Regular","Adult",30,"train",246
"247","0","3","Miss","S","Single","Adult",7.775,"train",247
"248","1","2","Mrs","S","Regular","Adult",7.25,"train",248
"249","1","1","Mr","S","Regular","Adult",26.2771,"train",249
"250","0","2","Mr","S","Regular","Adult",13,"train",250
"251","0","3","Mr","S","Single","Adult",7.25,"train",251
"252","0","3","Mrs","S","Regular","Adult",5.23125,"train",252
"253","0","1","Mr","S","Single","Adult",26.55,"train",253
"254","0","3","Mr","S","Regular","Adult",8.05,"train",254
"255","0","3","Mrs","S","Regular","Adult",6.7375,"train",255
"256","1","3","Mrs","C","Regular","Adult",5.08193333333333,"train",256
"257","1","1","Mrs","C","Single","Adult",39.6,"train",257
"258","1","1","Miss","S","Single","Adult",28.8333333333333,"train",258
"259","1","1","Miss","C","Single","Adult",128.0823,"train",259
"260","1","2","Mrs","S","Regular","Adult",13,"train",260
"261","0","3","Mr","Q","Single","Adult",7.75,"train",261
"262","1","3","Master","S","Large","Child",4.48392857142857,"train",262
"263","0","1","Mr","S","Regular","Adult",26.55,"train",263
"264","0","1","Mr","S","Single","Adult",0,"train",264
"265","0","3","Miss","Q","Single","Adult",7.75,"train",265
"266","0","2","Mr","S","Single","Adult",10.5,"train",266
"267","0","3","Mr","S","Large","Child",5.66964285714286,"train",267
"268","1","3","Mr","S","Regular","Adult",7.775,"train",268
"269","1","1","Mrs","S","Regular","Adult",51.1541666666667,"train",269
"270","1","1","Miss","S","Single","Adult",33.908325,"train",270
"271","0","1","Mr","S","Single","Adult",15.5,"train",271
"272","1","3","Mr","S","Single","Adult",0,"train",272
"273","1","2","Mrs","S","Regular","Adult",9.75,"train",273
"274","0","1","Mr","C","Regular","Adult",29.7,"train",274
"275","1","3","Miss","Q","Single","Elder",7.75,"train",275
"276","1","1","Miss","S","Regular","Adult",25.9861,"train",276
"277","0","3","Miss","S","Single","Adult",7.75,"train",277
"278","0","2","Mr","S","Single","Adult",0,"train",278
"279","0","3","Master","Q","Large","Child",4.85416666666667,"train",279
"280","1","3","Mrs","S","Regular","Adult",6.75,"train",280
"281","0","3","Mr","Q","Single","Elder",7.75,"train",281
"282","0","3","Mr","S","Single","Adult",7.8542,"train",282
"283","0","3","Mr","S","Single","Child",9.5,"train",283
"284","1","3","Mr","S","Single","Adult",8.05,"train",284
"285","0","1","Mr","S","Single","Adult",26,"train",285
"286","0","3","Mr","C","Single","Adult",8.6625,"train",286
"287","1","3","Mr","S","Single","Adult",9.5,"train",287
"288","0","3","Mr","S","Single","Adult",7.8958,"train",288
"289","1","2","Mr","S","Single","Adult",13,"train",289
"290","1","3","Miss","Q","Single","Adult",7.75,"train",290
"291","1","1","Miss","S","Single","Adult",26.2833333333333,"train",291
"292","1","1","Mrs","C","Regular","Adult",45.5396,"train",292
"293","0","2","Mr","C","Single","Adult",12.875,"train",293
"294","0","3","Miss","S","Single","Adult",8.85,"train",294
"295","0","3","Mr","S","Single","Adult",7.8958,"train",295
"296","0","1","Mr","C","Single","Adult",27.7208,"train",296
"297","0","3","Mr","C","Single","Adult",7.2292,"train",297
"298","0","1","Miss","S","Regular","Child",25.2583333333333,"train",298
"299","1","1","Mr","S","Single","Adult",30.5,"train",299
"300","1","1","Mrs","C","Regular","Adult",82.5069333333333,"train",300
"301","1","3","Miss","Q","Single","Adult",7.75,"train",301
"302","1","3","Mr","Q","Regular","Adult",7.75,"train",302
"303","0","3","Mr","S","Single","Adult",0,"train",303
"304","1","2","Miss","Q","Single","Adult",12.35,"train",304
"305","0","3","Mr","S","Single","Adult",8.05,"train",305
"306","1","1","Master","S","Regular","Child",25.2583333333333,"train",306
"307","1","1","Miss","C","Single","Adult",27.720825,"train",307
"308","1","1","Mrs","C","Regular","Child",36.3,"train",308
"309","0","2","Mr","C","Regular","Adult",12,"train",309
"310","1","1","Miss","C","Single","Adult",28.4646,"train",310
"311","1","1","Miss","C","Single","Adult",27.7194333333333,"train",311
"312","1","1","Miss","C","Large","Adult",37.4821428571429,"train",312
"313","0","2","Mrs","S","Regular","Adult",13,"train",313
"314","0","3","Mr","S","Single","Adult",7.8958,"train",314
"315","0","2","Mr","S","Regular","Adult",8.75,"train",315
"316","1","3","Miss","S","Single","Adult",7.8542,"train",316
"317","1","2","Mrs","S","Regular","Adult",13,"train",317
"318","0","2","Mr","S","Single","Adult",14,"train",318
"319","1","1","Miss","S","Regular","Adult",41.216675,"train",319
"320","1","1","Mrs","C","Regular","Adult",26.9,"train",320
"321","0","3","Mr","S","Single","Adult",7.25,"train",321
"322","0","3","Mr","S","Single","Adult",7.8958,"train",322
"323","1","2","Miss","Q","Single","Adult",12.35,"train",323
"324","1","2","Mrs","S","Regular","Adult",9.66666666666667,"train",324
"325","0","3","Mr","S","Large","Adult",6.32272727272727,"train",325
"326","1","1","Miss","C","Single","Adult",33.908325,"train",326
"327","0","3","Mr","S","Single","Adult",6.2375,"train",327
"328","1","2","Mrs","S","Single","Adult",13,"train",328
"329","1","3","Mrs","S","Regular","Adult",6.84166666666667,"train",329
"330","1","1","Miss","C","Regular","Child",28.9896,"train",330
"331","1","3","Miss","Q","Regular","Adult",7.75,"train",331
"332","0","1","Mr","S","Single","Adult",28.5,"train",332
"333","0","1","Mr","S","Regular","Adult",51.1541666666667,"train",333
"334","0","3","Mr","S","Regular","Child",9,"train",334
"335","1","1","Mrs","S","Regular","Adult",66.825,"train",335
"336","0","3","Mr","S","Single","Child",7.8958,"train",336
"337","0","1","Mr","S","Regular","Adult",33.3,"train",337
"338","1","1","Miss","C","Single","Adult",26.9,"train",338
"339","1","3","Mr","S","Single","Adult",8.05,"train",339
"340","0","1","Mr","S","Single","Adult",35.5,"train",340
"341","1","2","Master","S","Regular","Child",8.66666666666667,"train",341
"342","1","1","Miss","S","Large","Adult",43.8333333333333,"train",342
"343","0","2","Mr","S","Single","Adult",13,"train",343
"344","0","2","Mr","S","Single","Adult",13,"train",344
"345","0","2","Mr","S","Single","Adult",13,"train",345
"346","1","2","Miss","S","Single","Adult",13,"train",346
"347","1","2","Miss","S","Single","Adult",13,"train",347
"348","1","3","Mrs","S","Regular","Adult",8.05,"train",348
"349","1","3","Master","S","Regular","Child",5.3,"train",349
"350","0","3","Mr","S","Single","Adult",8.6625,"train",350
"351","0","3","Mr","S","Single","Adult",9.225,"train",351
"352","0","1","Mr","S","Single","Adult",35,"train",352
"353","0","3","Mr","C","Regular","Child",7.2292,"train",353
"354","0","3","Mr","S","Regular","Adult",8.9,"train",354
"355","0","3","Mr","C","Single","Adult",7.225,"train",355
"356","0","3","Mr","S","Single","Adult",9.5,"train",356
"357","1","1","Miss","S","Regular","Adult",27.5,"train",357
"358","0","2","Miss","S","Single","Adult",13,"train",358
"359","1","3","Miss","Q","Single","Child",7.8792,"train",359
"360","1","3","Miss","Q","Single","Child",7.8792,"train",360
"361","0","3","Mr","S","Large","Adult",4.65,"train",361
"362","0","2","Mr","C","Regular","Adult",13.8604,"train",362
"363","0","3","Mrs","C","Regular","Adult",7.2271,"train",363
"364","0","3","Mr","S","Single","Adult",7.05,"train",364
"365","0","3","Mr","Q","Regular","Adult",7.75,"train",365
"366","0","3","Mr","S","Single","Adult",7.25,"train",366
"367","1","1","Mrs","C","Regular","Adult",37.625,"train",367
"368","1","3","Mrs","C","Single","Adult",7.2292,"train",368
"369","1","3","Miss","Q","Single","Child",7.75,"train",369
"370","1","1","Mrs","C","Single","Adult",34.65,"train",370
"371","1","1","Mr","C","Regular","Adult",27.72085,"train",371
"372","0","3","Mr","S","Regular","Adult",6.4958,"train",372
"373","0","3","Mr","S","Single","Adult",8.05,"train",373
"374","0","1","Mr","C","Single","Adult",33.908325,"train",374
"375","0","3","Miss","S","Large","Child",4.215,"train",375
"376","1","1","Mrs","C","Regular","Adult",41.0854,"train",376
"377","1","3","Miss","S","Single","Adult",7.25,"train",377
"378","0","1","Mr","C","Regular","Adult",42.3,"train",378
"379","0","3","Mr","C","Single","Adult",4.0125,"train",379
"380","0","3","Mr","S","Single","Adult",7.775,"train",380
"381","1","1","Miss","C","Single","Adult",45.505,"train",381
"382","1","3","Miss","C","Regular","Child",5.24723333333333,"train",382
"383","0","3","Mr","S","Single","Adult",7.925,"train",383
"384","1","1","Mrs","S","Regular","Adult",26,"train",384
"385","0","3","Mr","S","Single","Adult",7.8958,"train",385
"386","0","2","Mr","S","Single","Adult",10.5,"train",386
"387","0","3","Master","S","Large","Child",5.8625,"train",387
"388","1","2","Miss","S","Single","Adult",13,"train",388
"389","0","3","Mr","Q","Single","Adult",7.7292,"train",389
"390","1","2","Miss","C","Single","Child",12,"train",390
"391","1","1","Mr","S","Regular","Adult",30,"train",391
"392","1","3","Mr","S","Single","Adult",7.7958,"train",392
"393","0","3","Mr","S","Regular","Adult",7.925,"train",393
"394","1","1","Miss","C","Regular","Adult",37.7583333333333,"train",394
"395","1","3","Mrs","S","Regular","Adult",5.56666666666667,"train",395
"396","0","3","Mr","S","Single","Adult",7.7958,"train",396
"397","0","3","Miss","S","Single","Adult",7.8542,"train",397
"398","0","2","Mr","S","Single","Adult",13,"train",398
"399","0","2","Mr","S","Single","Adult",10.5,"train",399
"400","1","2","Mrs","S","Single","Adult",12.65,"train",400
"401","1","3","Mr","S","Single","Adult",7.925,"train",401
"402","0","3","Mr","S","Single","Adult",8.05,"train",402
"403","0","3","Miss","S","Regular","Adult",9.825,"train",403
"404","0","3","Mr","S","Regular","Adult",7.925,"train",404
"405","0","3","Miss","S","Single","Adult",8.6625,"train",405
"406","0","2","Mr","S","Regular","Adult",10.5,"train",406
"407","0","3","Mr","S","Single","Adult",7.75,"train",407
"408","1","2","Master","S","Regular","Child",6.25,"train",408
"409","0","3","Mr","S","Single","Adult",7.775,"train",409
"410","0","3","Miss","S","Large","Child",5.09334,"train",410
"411","0","3","Mr","S","Single","Adult",7.8958,"train",411
"412","0","3","Mr","Q","Single","Adult",6.8583,"train",412
"413","1","1","Miss","Q","Regular","Adult",30,"train",413
"414","0","2","Mr","S","Single","Adult",0,"train",414
"415","1","3","Mr","S","Single","Adult",7.925,"train",415
"416","0","3","Mrs","S","Single","Adult",8.05,"train",416
"417","1","2","Mrs","S","Regular","Adult",10.8333333333333,"train",417
"418","1","2","Miss","S","Regular","Adult",13,"train",418
"419","0","2","Mr","S","Single","Adult",13,"train",419
"420","0","3","Miss","S","Regular","Child",8.05,"train",420
"421","0","3","Mr","C","Single","Adult",7.8958,"train",421
"422","0","3","Mr","Q","Single","Adult",7.7333,"train",422
"423","0","3","Mr","S","Single","Adult",7.875,"train",423
"424","0","3","Mrs","S","Regular","Adult",4.8,"train",424
"425","0","3","Mr","S","Regular","Adult",6.7375,"train",425
"426","0","3","Mr","S","Single","Adult",7.25,"train",426
"427","1","2","Mrs","S","Regular","Adult",13,"train",427
"428","1","2","Miss","S","Single","Adult",13,"train",428
"429","0","3","Mr","Q","Single","Adult",7.75,"train",429
"430","1","3","Mr","S","Single","Adult",8.05,"train",430
"431","1","1","Mr","S","Single","Adult",26.55,"train",431
"432","1","3","Mrs","S","Regular","Adult",8.05,"train",432
"433","1","2","Mrs","S","Regular","Adult",13,"train",433
"434","0","3","Mr","S","Single","Child",7.125,"train",434
"435","0","1","Mr","S","Regular","Adult",27.95,"train",435
"436","1","1","Miss","S","Regular","Child",30,"train",436
"437","0","3","Miss","S","Large","Adult",6.875,"train",437
"438","1","2","Mrs","S","Large","Adult",6.25,"train",438
"439","0","1","Mr","S","Large","Adult",43.8333333333333,"train",439
"440","0","2","Mr","S","Single","Adult",10.5,"train",440
"441","1","2","Mrs","S","Regular","Adult",8.75,"train",441
"442","0","3","Mr","S","Single","Adult",9.5,"train",442
"443","0","3","Mr","S","Regular","Adult",7.775,"train",443
"444","1","2","Miss","S","Single","Adult",13,"train",444
"445","1","3","Mr","S","Single","Adult",8.1125,"train",445
"446","1","1","Master","S","Regular","Child",27.2861,"train",446
"447","1","2","Miss","S","Regular","Child",9.75,"train",447
"448","1","1","Mr","S","Single","Adult",26.55,"train",448
"449","1","3","Miss","C","Regular","Child",4.814575,"train",449
"450","1","1","Mr","S","Single","Adult",30.5,"train",450
"451","0","2","Mr","S","Regular","Adult",6.9375,"train",451
"452","0","3","Mr","S","Regular","Adult",19.9667,"train",452
"453","0","1","Mr","C","Single","Adult",27.75,"train",453
"454","1","1","Mr","C","Regular","Adult",44.5521,"train",454
"455","0","3","Mr","S","Single","Adult",8.05,"train",455
"456","1","3","Mr","C","Single","Adult",7.8958,"train",456
"457","0","1","Mr","S","Single","Elder",26.55,"train",457
"458","1","1","Mrs","S","Regular","Adult",25.93125,"train",458
"459","1","2","Miss","S","Single","Adult",10.5,"train",459
"460","0","3","Mr","Q","Single","Child",7.75,"train",460
"461","1","1","Mr","S","Single","Adult",26.55,"train",461
"462","0","3","Mr","S","Single","Adult",8.05,"train",462
"463","0","1","Mr","S","Single","Adult",38.5,"train",463
"464","0","2","Mr","S","Single","Adult",13,"train",464
"465","0","3","Mr","S","Single","Adult",8.05,"train",465
"466","0","3","Mr","S","Single","Adult",7.05,"train",466
"467","0","2","Mr","S","Single","Adult",0,"train",467
"468","0","1","Mr","S","Single","Adult",26.55,"train",468
"469","0","3","Mr","Q","Single","Adult",7.725,"train",469
"470","1","3","Miss","C","Regular","Child",4.814575,"train",470
"471","0","3","Mr","S","Single","Adult",7.25,"train",471
"472","0","3","Mr","S","Single","Adult",8.6625,"train",472
"473","1","2","Mrs","S","Regular","Adult",6.9375,"train",473
"474","1","2","Mrs","C","Single","Adult",13.7917,"train",474
"475","0","3","Miss","S","Single","Adult",9.8375,"train",475
"476","0","1","Mr","S","Single","Adult",26,"train",476
"477","0","2","Mr","S","Regular","Adult",10.5,"train",477
"478","0","3","Mr","S","Regular","Adult",7.0458,"train",478
"479","0","3","Mr","S","Single","Adult",7.5208,"train",479
"480","1","3","Miss","S","Regular","Child",6.14375,"train",480
"481","0","3","Master","S","Large","Child",5.8625,"train",481
"482","0","2","Mr","S","Single","Adult",0,"train",482
"483","0","3","Mr","S","Single","Adult",8.05,"train",483
"484","1","3","Mrs","S","Single","Adult",9.5875,"train",484
"485","1","1","Mr","C","Regular","Adult",45.5396,"train",485
"486","0","3","Miss","S","Large","Child",5.09334,"train",486
"487","1","1","Mrs","S","Regular","Adult",45,"train",487
"488","0","1","Mr","C","Single","Adult",29.7,"train",488
"489","0","3","Mr","S","Single","Adult",8.05,"train",489
"490","1","3","Master","S","Regular","Child",5.3,"train",490
"491","0","3","Mr","S","Regular","Adult",19.9667,"train",491
"492","0","3","Mr","S","Single","Adult",7.25,"train",492
"493","0","1","Mr","S","Single","Adult",30.5,"train",493
"494","0","1","Mr","C","Single","Elder",49.5042,"train",494
"495","0","3","Mr","S","Single","Adult",8.05,"train",495
"496","0","3","Mr","C","Single","Adult",7.22915,"train",496
"497","1","1","Miss","C","Regular","Adult",39.13335,"train",497
"498","0","3","Mr","S","Single","Adult",7.55,"train",498
"499","0","1","Mrs","S","Regular","Adult",25.2583333333333,"train",499
"500","0","3","Mr","S","Single","Adult",7.7958,"train",500
"501","0","3","Mr","S","Single","Child",8.6625,"train",501
"502","0","3","Miss","Q","Single","Adult",7.75,"train",502
"503","0","3","Miss","Q","Single","Adult",7.6292,"train",503
"504","0","3","Miss","S","Single","Adult",9.5875,"train",504
"505","1","1","Miss","S","Single","Child",28.8333333333333,"train",505
"506","0","1","Mr","C","Regular","Adult",36.3,"train",506
"507","1","2","Mrs","S","Regular","Adult",8.66666666666667,"train",507
"508","1","1","Mr","S","Single","Adult",26.55,"train",508
"509","0","3","Mr","S","Single","Adult",7.50833333333333,"train",509
"510","1","3","Mr","S","Single","Adult",7.061975,"train",510
"511","1","3","Mr","Q","Single","Adult",7.75,"train",511
"512","0","3","Mr","S","Single","Adult",8.05,"train",512
"513","1","1","Mr","S","Single","Adult",26.2875,"train",513
"514","1","1","Mrs","C","Regular","Adult",29.7,"train",514
"515","0","3","Mr","S","Single","Adult",7.4958,"train",515
"516","0","1","Mr","S","Single","Adult",34.0208,"train",516
"517","1","2","Mrs","S","Single","Adult",10.5,"train",517
"518","0","3","Mr","Q","Single","Child",8.05,"train",518
"519","1","2","Mrs","S","Regular","Adult",13,"train",519
"520","0","3","Mr","S","Single","Adult",7.8958,"train",520
"521","1","1","Miss","S","Single","Adult",23.375,"train",521
"522","0","3","Mr","S","Single","Adult",7.8958,"train",522
"523","0","3","Mr","C","Single","Adult",7.225,"train",523
"524","1","1","Mrs","C","Regular","Adult",28.9896,"train",524
"525","0","3","Mr","C","Single","Adult",7.2292,"train",525
"526","0","3","Mr","Q","Single","Adult",7.75,"train",526
"527","1","2","Miss","S","Single","Adult",10.5,"train",527
"528","0","1","Mr","S","Single","Adult",55.4448,"train",528
"529","0","3","Mr","S","Single","Adult",7.925,"train",529
"530","0","2","Mr","S","Regular","Adult",11.5,"train",530
"531","1","2","Miss","S","Regular","Child",8.66666666666667,"train",531
"532","0","3","Mr","C","Single","Adult",7.2292,"train",532
"533","0","3","Mr","C","Regular","Child",7.2292,"train",533
"534","1","3","Mrs","C","Regular","Child",7.45276666666667,"train",534
"535","0","3","Miss","S","Single","Adult",8.6625,"train",535
"536","1","2","Miss","S","Regular","Child",8.75,"train",536
"537","0","1","Mr","S","Single","Adult",26.55,"train",537
"538","1","1","Miss","C","Single","Adult",35.475,"train",538
"539","0","3","Mr","S","Single","Adult",7.25,"train",539
"540","1","1","Miss","C","Regular","Adult",49.5,"train",540
"541","1","1","Miss","S","Regular","Adult",35.5,"train",541
"542","0","3","Miss","S","Large","Child",4.46785714285714,"train",542
"543","0","3","Miss","S","Large","Child",4.46785714285714,"train",543
"544","1","2","Mr","S","Regular","Adult",13,"train",544
"545","0","1","Mr","C","Regular","Adult",35.475,"train",545
"546","0","1","Mr","S","Single","Adult",26,"train",546
"547","1","2","Mrs","S","Regular","Adult",13,"train",547
"548","1","2","Mr","C","Single","Adult",13.8625,"train",548
"549","0","3","Mr","S","Regular","Adult",6.84166666666667,"train",549
"550","1","2","Master","S","Regular","Child",9.1875,"train",550
"551","1","1","Mr","C","Regular","Child",27.720825,"train",551
"552","0","2","Mr","S","Single","Adult",13,"train",552
"553","0","3","Mr","Q","Single","Adult",7.8292,"train",553
"554","1","3","Mr","C","Single","Adult",7.225,"train",554
"555","1","3","Miss","S","Single","Adult",7.775,"train",555
"556","0","1","Mr","S","Single","Adult",26.55,"train",556
"557","1","1","Mrs","C","Regular","Adult",39.6,"train",557
"558","0","1","Mr","C","Single","Adult",45.505,"train",558
"559","1","1","Mrs","S","Regular","Adult",26.55,"train",559
"560","1","3","Mrs","S","Regular","Adult",8.7,"train",560
"561","0","3","Mr","Q","Single","Adult",7.75,"train",561
"562","0","3","Mr","S","Single","Adult",7.8958,"train",562
"563","0","2","Mr","S","Single","Adult",13.5,"train",563
"564","0","3","Mr","S","Single","Adult",8.05,"train",564
"565","0","3","Miss","S","Single","Adult",8.05,"train",565
"566","0","3","Mr","S","Regular","Adult",8.05,"train",566
"567","0","3","Mr","S","Single","Adult",7.8958,"train",567
"568","0","3","Mrs","S","Large","Adult",4.215,"train",568
"569","0","3","Mr","C","Single","Adult",7.2292,"train",569
"570","1","3","Mr","S","Single","Adult",7.8542,"train",570
"571","1","2","Mr","S","Single","Adult",10.5,"train",571
"572","1","1","Mrs","S","Regular","Adult",25.7396,"train",572
"573","1","1","Mr","S","Single","Adult",26.3875,"train",573
"574","1","3","Miss","Q","Single","Adult",7.75,"train",574
"575","0","3","Mr","S","Single","Child",8.05,"train",575
"576","0","3","Mr","S","Single","Adult",7.25,"train",576
"577","1","2","Miss","S","Single","Adult",13,"train",577
"578","1","1","Mrs","S","Regular","Adult",27.95,"train",578
"579","0","3","Mrs","C","Regular","Adult",7.22915,"train",579
"580","1","3","Mr","S","Single","Adult",7.925,"train",580
"581","1","2","Miss","S","Regular","Adult",15,"train",581
"582","1","1","Mrs","C","Regular","Adult",27.720825,"train",582
"583","0","2","Mr","S","Single","Adult",13,"train",583
"584","0","1","Mr","C","Single","Adult",40.125,"train",584
"585","0","3","Mr","C","Single","Adult",8.7125,"train",585
"586","1","1","Miss","S","Regular","Adult",26.55,"train",586
"587","0","2","Mr","S","Single","Adult",15,"train",587
"588","1","1","Mr","C","Regular","Adult",39.6,"train",588
"589","0","3","Mr","S","Single","Adult",8.05,"train",589
"590","0","3","Mr","S","Single","Adult",8.05,"train",590
"591","0","3","Mr","S","Single","Adult",7.125,"train",591
"592","1","1","Mrs","C","Regular","Adult",39.13335,"train",592
"593","0","3","Mr","S","Single","Adult",7.25,"train",593
"594","0","3","Miss","Q","Regular","Child",7.75,"train",594
"595","0","2","Mr","S","Regular","Adult",13,"train",595
"596","0","3","Mr","S","Regular","Adult",8.05,"train",596
"597","1","2","Miss","S","Single","Adult",11,"train",597
"598","0","3","Mr","S","Single","Adult",0,"train",598
"599","0","3","Mr","C","Single","Adult",7.225,"train",599
"600","1","1","Mr","C","Regular","Adult",28.4646,"train",600
"601","1","2","Mrs","S","Regular","Adult",13.5,"train",601
"602","0","3","Mr","S","Single","Adult",7.8958,"train",602
"603","0","1","Mr","S","Single","Adult",21.2,"train",603
"604","0","3","Mr","S","Single","Adult",8.05,"train",604
"605","1","1","Mr","C","Single","Adult",26.55,"train",605
"606","0","3","Mr","S","Regular","Adult",7.775,"train",606
"607","0","3","Mr","S","Single","Adult",7.8958,"train",607
"608","1","1","Mr","S","Single","Adult",30.5,"train",608
"609","1","2","Mrs","C","Regular","Adult",10.3948,"train",609
"610","1","1","Miss","S","Single","Adult",51.1541666666667,"train",610
"611","0","3","Mrs","S","Large","Adult",4.46785714285714,"train",611
"612","0","3","Mr","S","Single","Child",7.05,"train",612
"613","1","3","Miss","Q","Regular","Child",7.75,"train",613
"614","0","3","Mr","Q","Single","Adult",7.75,"train",614
"615","0","3","Mr","S","Single","Adult",8.05,"train",615
"616","1","2","Miss","S","Regular","Adult",13,"train",616
"617","0","3","Mr","S","Regular","Adult",4.8,"train",617
"618","0","3","Mrs","S","Regular","Adult",8.05,"train",618
"619","1","2","Miss","S","Regular","Child",9.75,"train",619
"620","0","2","Mr","S","Single","Adult",10.5,"train",620
"621","0","3","Mr","C","Regular","Adult",7.2271,"train",621
"622","1","1","Mr","S","Regular","Adult",26.2771,"train",622
"623","1","3","Mr","C","Regular","Adult",5.24723333333333,"train",623
"624","0","3","Mr","S","Single","Adult",7.8542,"train",624
"625","0","3","Mr","S","Single","Adult",8.05,"train",625
"626","0","1","Mr","S","Single","Adult",32.3208,"train",626
"627","0","2","Mr","Q","Single","Adult",12.35,"train",627
"628","1","1","Miss","S","Single","Adult",25.9861,"train",628
"629","0","3","Mr","S","Single","Adult",7.8958,"train",629
"630","0","3","Mr","Q","Single","Elder",7.7333,"train",630
"631","1","1","Mr","S","Single","Elder",30,"train",631
"632","0","3","Mr","S","Single","Adult",7.0542,"train",632
"633","1","1","Mr","C","Single","Adult",30.5,"train",633
"634","0","1","Mr","S","Single","Adult",0,"train",634
"635","0","3","Miss","S","Large","Child",4.65,"train",635
"636","1","2","Miss","S","Single","Adult",13,"train",636
"637","0","3","Mr","S","Single","Adult",7.925,"train",637
"638","0","2","Mr","S","Regular","Adult",8.75,"train",638
"639","0","3","Mrs","S","Large","Adult",5.66964285714286,"train",639
"640","0","3","Mr","S","Regular","Adult",8.05,"train",640
"641","0","3","Mr","S","Single","Adult",7.8542,"train",641
"642","1","1","Miss","C","Single","Adult",34.65,"train",642
"643","0","3","Miss","S","Large","Child",4.65,"train",643
"644","1","3","Mr","S","Single","Adult",7.061975,"train",644
"645","1","3","Miss","C","Regular","Child",4.814575,"train",645
"646","1","1","Mr","C","Regular","Adult",25.5764,"train",646
"647","0","3","Mr","S","Single","Adult",7.8958,"train",647
"648","1","1","Mr","C","Single","Adult",35.5,"train",648
"649","0","3","Mr","S","Single","Adult",7.55,"train",649
"650","1","3","Miss","S","Single","Adult",7.55,"train",650
"651","0","3","Mr","S","Single","Adult",7.8958,"train",651
"652","1","2","Miss","S","Regular","Adult",11.5,"train",652
"653","0","3","Mr","S","Single","Adult",8.4333,"train",653
"654","1","3","Miss","Q","Single","Adult",7.8292,"train",654
"655","0","3","Miss","Q","Single","Adult",6.75,"train",655
"656","0","2","Mr","S","Regular","Adult",10.5,"train",656
"657","0","3","Mr","S","Single","Adult",7.8958,"train",657
"658","0","3","Mrs","Q","Regular","Adult",7.75,"train",658
"659","0","2","Mr","S","Single","Adult",13,"train",659
"660","0","1","Mr","C","Regular","Adult",37.7583333333333,"train",660
"661","1","1","Mr","S","Regular","Adult",66.825,"train",661
"662","0","3","Mr","C","Single","Adult",7.225,"train",662
"663","0","1","Mr","S","Single","Adult",25.5875,"train",663
"664","0","3","Mr","S","Single","Adult",7.4958,"train",664
"665","1","3","Mr","S","Regular","Adult",7.925,"train",665
"666","0","2","Mr","S","Regular","Adult",10.5,"train",666
"667","0","2","Mr","S","Single","Adult",13,"train",667
"668","0","3","Mr","S","Single","Adult",7.775,"train",668
"669","0","3","Mr","S","Single","Adult",8.05,"train",669
"670","1","1","Mrs","S","Regular","Adult",26,"train",670
"671","1","2","Mrs","S","Regular","Adult",13,"train",671
"672","0","1","Mr","S","Regular","Adult",26,"train",672
"673","0","2","Mr","S","Single","Elder",10.5,"train",673
"674","1","2","Mr","S","Single","Adult",13,"train",674
"675","0","2","Mr","S","Single","Adult",0,"train",675
"676","0","3","Mr","S","Single","Adult",7.775,"train",676
"677","0","3","Mr","S","Single","Adult",8.05,"train",677
"678","1","3","Miss","S","Single","Adult",9.8417,"train",678
"679","0","3","Mrs","S","Large","Adult",5.8625,"train",679
"680","1","1","Mr","C","Regular","Adult",128.0823,"train",680
"681","0","3","Miss","Q","Single","Adult",8.1375,"train",681
"682","1","1","Mr","C","Single","Adult",25.5764,"train",682
"683","0","3","Mr","S","Single","Adult",9.225,"train",683
"684","0","3","Mr","S","Large","Child",5.8625,"train",684
"685","0","2","Mr","S","Regular","Adult",13,"train",685
"686","0","2","Mr","C","Regular","Adult",10.3948,"train",686
"687","0","3","Mr","S","Large","Child",5.66964285714286,"train",687
"688","0","3","Mr","S","Single","Adult",10.1708,"train",688
"689","0","3","Mr","S","Single","Adult",7.7958,"train",689
"690","1","1","Miss","S","Regular","Child",52.834375,"train",690
"691","1","1","Mr","S","Regular","Adult",28.5,"train",691
"692","1","3","Miss","C","Regular","Child",6.70835,"train",692
"693","1","3","Mr","S","Single","Adult",7.061975,"train",693
"694","0","3","Mr","C","Single","Adult",7.225,"train",694
"695","0","1","Mr","S","Single","Adult",26.55,"train",695
"696","0","2","Mr","S","Single","Adult",13.5,"train",696
"697","0","3","Mr","S","Single","Adult",8.05,"train",697
"698","1","3","Miss","Q","Single","Adult",7.7333,"train",698
"699","0","1","Mr","C","Regular","Adult",27.720825,"train",699
"700","0","3","Mr","S","Single","Adult",7.65,"train",700
"701","1","1","Mrs","C","Regular","Adult",45.505,"train",701
"702","1","1","Mr","S","Single","Adult",26.2875,"train",702
"703","0","3","Miss","C","Regular","Adult",7.2271,"train",703
"704","0","3","Mr","Q","Single","Adult",7.7417,"train",704
"705","0","3","Mr","S","Regular","Adult",7.8542,"train",705
"706","0","2","Mr","S","Single","Adult",13,"train",706
"707","1","2","Mrs","S","Single","Adult",13.5,"train",707
"708","1","1","Mr","S","Single","Adult",26.2875,"train",708
"709","1","1","Miss","S","Single","Adult",25.2583333333333,"train",709
"710","1","3","Master","C","Regular","Child",5.08193333333333,"train",710
"711","1","1","Miss","C","Single","Adult",49.5042,"train",711
"712","0","1","Mr","S","Single","Adult",26.55,"train",712
"713","1","1","Mr","S","Regular","Adult",26,"train",713
"714","0","3","Mr","S","Single","Adult",9.4833,"train",714
"715","0","2","Mr","S","Single","Adult",6.5,"train",715
"716","0","3","Mr","S","Single","Adult",7.65,"train",716
"717","1","1","Miss","C","Single","Adult",45.505,"train",717
"718","1","2","Miss","S","Single","Adult",10.5,"train",718
"719","0","3","Mr","Q","Single","Adult",7.75,"train",719
"720","0","3","Mr","S","Single","Adult",7.775,"train",720
"721","1","2","Miss","S","Regular","Child",11,"train",721
"722","0","3","Mr","S","Regular","Child",7.0542,"train",722
"723","0","2","Mr","S","Single","Adult",13,"train",723
"724","0","2","Mr","S","Single","Adult",13,"train",724
"725","1","1","Mr","S","Regular","Adult",26.55,"train",725
"726","0","3","Mr","S","Single","Adult",8.6625,"train",726
"727","1","2","Mrs","S","Regular","Adult",10.5,"train",727
"728","1","3","Miss","Q","Single","Adult",7.7375,"train",728
"729","0","2","Mr","S","Regular","Adult",13,"train",729
"730","0","3","Miss","S","Regular","Adult",7.925,"train",730
"731","1","1","Miss","S","Single","Adult",52.834375,"train",731
"732","0","3","Mr","C","Single","Child",9.39375,"train",732
"733","0","2","Mr","S","Single","Adult",0,"train",733
"734","0","2","Mr","S","Single","Adult",13,"train",734
"735","0","2","Mr","S","Single","Adult",13,"train",735
"736","0","3","Mr","S","Single","Adult",8.05,"train",736
"737","0","3","Mrs","S","Large","Adult",6.875,"train",737
"738","1","1","Mr","C","Single","Adult",128.0823,"train",738
"739","0","3","Mr","S","Single","Adult",7.8958,"train",739
"740","0","3","Mr","S","Single","Adult",7.8958,"train",740
"741","1","1","Mr","S","Single","Adult",30,"train",741
"742","0","1","Mr","S","Regular","Adult",26.2833333333333,"train",742
"743","1","1","Miss","C","Large","Adult",37.4821428571429,"train",743
"744","0","3","Mr","S","Regular","Adult",8.05,"train",744
"745","1","3","Mr","S","Single","Adult",7.925,"train",745
"746","0","1","Mr","S","Regular","Elder",35.5,"train",746
"747","0","3","Mr","S","Regular","Child",6.75,"train",747
"748","1","2","Miss","S","Single","Adult",13,"train",748
"749","0","1","Mr","S","Regular","Adult",26.55,"train",749
"750","0","3","Mr","Q","Single","Adult",7.75,"train",750
"751","1","2","Miss","S","Regular","Child",7.66666666666667,"train",751
"752","1","3","Master","S","Regular","Child",6.2375,"train",752
"753","0","3","Mr","S","Single","Adult",9.5,"train",753
"754","0","3","Mr","S","Single","Adult",7.8958,"train",754
"755","1","2","Mrs","S","Regular","Adult",13,"train",755
"756","1","2","Master","S","Regular","Child",7.25,"train",756
"757","0","3","Mr","S","Single","Adult",7.7958,"train",757
"758","0","2","Mr","S","Single","Adult",11.5,"train",758
"759","0","3","Mr","S","Single","Adult",8.05,"train",759
"760","1","1","Mrs","S","Single","Adult",28.8333333333333,"train",760
"761","0","3","Mr","S","Single","Adult",7.25,"train",761
"762","0","3","Mr","S","Single","Adult",7.125,"train",762
"763","1","3","Mr","C","Single","Adult",7.2292,"train",763
"764","1","1","Mrs","S","Regular","Adult",30,"train",764
"765","0","3","Mr","S","Single","Child",7.775,"train",765
"766","1","1","Mrs","S","Regular","Adult",25.9861,"train",766
"767","0","1","Mr","C","Single","Adult",39.6,"train",767
"768","0","3","Miss","Q","Single","Adult",7.75,"train",768
"769","0","3","Mr","Q","Regular","Adult",8.05,"train",769
"770","0","3","Mr","S","Single","Adult",8.3625,"train",770
"771","0","3","Mr","S","Single","Adult",9.5,"train",771
"772","0","3","Mr","S","Single","Adult",7.8542,"train",772
"773","0","2","Mrs","S","Single","Adult",5.25,"train",773
"774","0","3","Mr","C","Single","Adult",7.225,"train",774
"775","1","2","Mrs","S","Large","Adult",11.5,"train",775
"776","0","3","Mr","S","Single","Adult",7.75,"train",776
"777","0","3","Mr","Q","Single","Adult",7.75,"train",777
"778","1","3","Miss","S","Single","Child",6.2375,"train",778
"779","0","3","Mr","Q","Single","Adult",7.7375,"train",779
"780","1","1","Mrs","S","Regular","Adult",52.834375,"train",780
"781","1","3","Miss","C","Single","Child",7.2292,"train",781
"782","1","1","Mrs","S","Regular","Child",28.5,"train",782
"783","0","1","Mr","S","Single","Adult",30,"train",783
"784","0","3","Mr","S","Regular","Adult",5.8625,"train",784
"785","0","3","Mr","S","Single","Adult",7.05,"train",785
"786","0","3","Mr","S","Single","Adult",7.25,"train",786
"787","1","3","Miss","S","Single","Adult",7.4958,"train",787
"788","0","3","Master","Q","Large","Child",4.85416666666667,"train",788
"789","1","3","Master","S","Regular","Child",5.14375,"train",789
"790","0","1","Mr","C","Single","Adult",39.6,"train",790
"791","0","3","Mr","Q","Single","Adult",7.75,"train",791
"792","0","2","Mr","S","Single","Child",13,"train",792
"793","0","3","Miss","S","Large","Child",6.32272727272727,"train",793
"794","0","1","Mr","C","Single","Adult",30.6958,"train",794
"795","0","3","Mr","S","Single","Adult",7.8958,"train",795
"796","0","2","Mr","S","Single","Adult",13,"train",796
"797","1","1","Mrs","S","Single","Adult",25.9292,"train",797
"798","1","3","Mrs","S","Single","Adult",8.6833,"train",798
"799","0","3","Mr","C","Single","Adult",7.2292,"train",799
"800","0","3","Mrs","S","Regular","Adult",8.05,"train",800
"801","0","2","Mr","S","Single","Adult",6.5,"train",801
"802","1","2","Mrs","S","Regular","Adult",8.75,"train",802
"803","1","1","Master","S","Regular","Child",30,"train",803
"804","1","3","Master","C","Regular","Child",4.25835,"train",804
"805","1","3","Mr","S","Single","Adult",6.975,"train",805
"806","0","3","Mr","S","Single","Adult",7.775,"train",806
"807","0","1","Mr","S","Single","Adult",0,"train",807
"808","0","3","Miss","S","Single","Adult",7.775,"train",808
"809","0","2","Mr","S","Single","Adult",13,"train",809
"810","1","1","Mrs","S","Regular","Adult",26.55,"train",810
"811","0","3","Mr","S","Single","Adult",7.8875,"train",811
"812","0","3","Mr","S","Single","Adult",8.05,"train",812
"813","0","2","Mr","S","Single","Adult",10.5,"train",813
"814","0","3","Miss","S","Large","Child",4.46785714285714,"train",814
"815","0","3","Mr","S","Single","Adult",8.05,"train",815
"816","0","1","Mr","S","Single","Adult",0,"train",816
"817","0","3","Miss","S","Single","Adult",7.925,"train",817
"818","0","2","Mr","C","Regular","Adult",12.3347333333333,"train",818
"819","0","3","Mr","S","Single","Adult",6.45,"train",819
"820","0","3","Master","S","Large","Child",4.65,"train",820
"821","1","1","Mrs","S","Regular","Adult",23.375,"train",821
"822","1","3","Mr","S","Single","Adult",8.6625,"train",822
"823","0","1","Mr","S","Single","Adult",0,"train",823
"824","1","3","Mrs","S","Regular","Adult",6.2375,"train",824
"825","0","3","Master","S","Large","Child",5.66964285714286,"train",825
"826","0","3","Mr","Q","Single","Adult",6.95,"train",826
"827","0","3","Mr","S","Single","Adult",7.061975,"train",827
"828","1","2","Master","C","Regular","Child",12.3347333333333,"train",828
"829","1","3","Mr","Q","Single","Adult",7.75,"train",829
"830","1","1","Mrs","C","Single","Adult",40,"train",830
"831","1","3","Mrs","C","Regular","Child",7.2271,"train",831
"832","1","2","Master","S","Regular","Child",6.25,"train",832
"833","0","3","Mr","C","Single","Adult",7.2292,"train",833
"834","0","3","Mr","S","Single","Adult",7.8542,"train",834
"835","0","3","Mr","S","Single","Adult",8.3,"train",835
"836","1","1","Miss","C","Regular","Adult",27.7194333333333,"train",836
"837","0","3","Mr","S","Single","Adult",8.6625,"train",837
"838","0","3","Mr","S","Single","Adult",8.05,"train",838
"839","1","3","Mr","S","Single","Adult",7.061975,"train",839
"840","1","1","Mr","C","Single","Adult",29.7,"train",840
"841","0","3","Mr","S","Single","Adult",7.925,"train",841
"842","0","2","Mr","S","Single","Child",5.25,"train",842
"843","1","1","Miss","C","Single","Adult",15.5,"train",843
"844","0","3","Mr","C","Single","Adult",6.4375,"train",844
"845","0","3","Mr","S","Single","Child",8.6625,"train",845
"846","0","3","Mr","S","Single","Adult",7.55,"train",846
"847","0","3","Mr","S","Large","Child",6.32272727272727,"train",847
"848","0","3","Mr","C","Single","Adult",7.8958,"train",848
"849","0","2","Mr","S","Regular","Adult",11,"train",849
"850","1","1","Mrs","C","Regular","Adult",44.5521,"train",850
"851","0","3","Master","S","Large","Child",4.46785714285714,"train",851
"852","0","3","Mr","S","Single","Elder",7.775,"train",852
"853","0","3","Miss","C","Regular","Child",5.08193333333333,"train",853
"854","1","1","Miss","S","Regular","Child",19.7,"train",854
"855","0","2","Mrs","S","Regular","Adult",13,"train",855
"856","1","3","Mrs","S","Regular","Adult",4.675,"train",856
"857","1","1","Mrs","S","Regular","Adult",41.216675,"train",857
"858","1","1","Mr","S","Single","Adult",26.55,"train",858
"859","1","3","Mrs","C","Regular","Adult",4.814575,"train",859
"860","0","3","Mr","C","Single","Adult",7.2292,"train",860
"861","0","3","Mr","S","Regular","Adult",7.05415,"train",861
"862","0","2","Mr","S","Regular","Adult",11.5,"train",862
"863","1","1","Mrs","S","Single","Adult",25.9292,"train",863
"864","0","3","Miss","S","Large","Child",6.32272727272727,"train",864
"865","0","2","Mr","S","Single","Adult",13,"train",865
"866","1","2","Mrs","S","Single","Adult",13,"train",866
"867","1","2","Miss","C","Regular","Adult",13.8583,"train",867
"868","0","1","Mr","S","Single","Adult",50.4958,"train",868
"869","0","3","Mr","S","Single","Adult",9.5,"train",869
"870","1","3","Master","S","Regular","Child",3.7111,"train",870
"871","0","3","Mr","S","Single","Adult",7.8958,"train",871
"872","1","1","Mrs","S","Regular","Adult",26.2771,"train",872
"873","0","1","Mr","S","Single","Adult",5,"train",873
"874","0","3","Mr","S","Single","Adult",9,"train",874
"875","1","2","Mrs","C","Regular","Adult",12,"train",875
"876","1","3","Miss","C","Single","Child",7.225,"train",876
"877","0","3","Mr","S","Single","Adult",4.9229,"train",877
"878","0","3","Mr","S","Single","Adult",7.8958,"train",878
"879","0","3","Mr","S","Single","Adult",7.8958,"train",879
"880","1","1","Mrs","C","Regular","Adult",27.7194333333333,"train",880
"881","1","2","Mrs","S","Regular","Adult",13,"train",881
"882","0","3","Mr","S","Single","Adult",7.8958,"train",882
"883","0","3","Miss","S","Single","Adult",10.5167,"train",883
"884","0","2","Mr","S","Single","Adult",10.5,"train",884
"885","0","3","Mr","S","Single","Adult",7.05,"train",885
"886","0","3","Mrs","Q","Large","Adult",4.85416666666667,"train",886
"887","0","2","Mr","S","Single","Adult",13,"train",887
"888","1","1","Miss","S","Single","Adult",30,"train",888
"889","0","3","Miss","S","Regular","Child",5.8625,"train",889
"890","1","1","Mr","C","Single","Adult",30,"train",890
"891","0","3","Mr","Q","Single","Adult",7.75,"train",891
"892","0","X3","Mr","Q","Single","Adult",7.8292,"result",892
"893","1","X3","Mrs","S","Regular","Adult",7,"result",893
"894","0","X2","Mr","Q","Single","Adult",9.6875,"result",894
"895","0","X3","Mr","S","Single","Adult",8.6625,"result",895
"896","1","X3","Mrs","S","Regular","Adult",6.14375,"result",896
"897","0","X3","Mr","S","Single","Child",9.225,"result",897
"898","1","X3","Miss","Q","Single","Adult",7.6292,"result",898
"899","0","X2","Mr","S","Regular","Adult",9.66666666666667,"result",899
"900","1","X3","Mrs","C","Single","Adult",7.2292,"result",900
"901","0","X3","Mr","S","Regular","Adult",8.05,"result",901
"902","0","X3","Mr","S","Single","Adult",7.8958,"result",902
"903","0","X1","Mr","S","Single","Adult",26,"result",903
"904","1","X1","Mrs","S","Regular","Adult",41.13335,"result",904
"905","0","X2","Mr","S","Regular","Adult",13,"result",905
"906","1","X1","Mrs","S","Regular","Adult",30.5875,"result",906
"907","1","X2","Mrs","C","Regular","Adult",13.8604,"result",907
"908","0","X2","Mr","Q","Single","Adult",12.35,"result",908
"909","0","X3","Mr","C","Single","Adult",7.225,"result",909
"910","1","X3","Miss","S","Regular","Adult",7.925,"result",910
"911","1","X3","Mrs","C","Single","Adult",7.225,"result",911
"912","1","X1","Mr","C","Regular","Adult",29.7,"result",912
"913","1","X3","Master","S","Regular","Child",3.1708,"result",913
"914","1","X1","Mrs","S","Single","Adult",31.6833,"result",914
"915","0","X1","Mr","C","Regular","Adult",30.6896,"result",915
"916","1","X1","Mrs","C","Large","Adult",37.4821428571429,"result",916
"917","0","X3","Mr","S","Regular","Adult",7.25,"result",917
"918","1","X1","Miss","C","Regular","Adult",30.9896,"result",918
"919","0","X3","Mr","C","Single","Adult",7.225,"result",919
"920","1","X1","Mr","S","Single","Adult",30.5,"result",920
"921","0","X3","Mr","C","Regular","Adult",7.2264,"result",921
"922","0","X2","Mr","S","Regular","Adult",13,"result",922
"923","0","X2","Mr","S","Regular","Adult",10.5,"result",923
"924","1","X3","Mrs","S","Regular","Adult",5.14375,"result",924
"925","1","X3","Mrs","S","Regular","Adult",5.8625,"result",925
"926","1","X1","Mr","C","Regular","Adult",28.875,"result",926
"927","0","X3","Mr","C","Single","Adult",7.2292,"result",927
"928","0","X3","Miss","S","Single","Adult",8.05,"result",928
"929","0","X3","Miss","S","Single","Adult",8.6625,"result",929
"930","0","X3","Mr","S","Single","Adult",9.5,"result",930
"931","1","X3","Mr","S","Single","Adult",7.061975,"result",931
"932","0","X3","Mr","C","Regular","Adult",6.70835,"result",932
"933","1","X1","Mr","S","Single","Adult",26.55,"result",933
"934","0","X3","Mr","S","Single","Adult",7.85,"result",934
"935","1","X2","Mrs","S","Single","Adult",13,"result",935
"936","1","X1","Mrs","S","Regular","Adult",26.2771,"result",936
"937","0","X3","Mr","S","Single","Adult",7.925,"result",937
"938","1","X1","Mr","C","Single","Adult",29.7,"result",938
"939","0","X3","Mr","Q","Single","Adult",7.75,"result",939
"940","1","X1","Mrs","C","Single","Adult",38.14585,"result",940
"941","1","X3","Mrs","S","Regular","Adult",5.3,"result",941
"942","1","X1","Mr","S","Regular","Adult",30,"result",942
"943","0","X2","Mr","C","Single","Adult",15.0333,"result",943
"944","1","X2","Miss","S","Regular","Adult",11.5,"result",944
"945","1","X1","Miss","S","Large","Adult",43.8333333333333,"result",945
"946","0","X2","Mr","C","Single","Adult",15.5792,"result",946
"947","0","X3","Master","Q","Large","Child",4.85416666666667,"result",947
"948","0","X3","Mr","S","Single","Adult",7.8958,"result",948
"949","0","X3","Mr","S","Single","Adult",7.65,"result",949
"950","0","X3","Mr","S","Regular","Adult",8.05,"result",950
"951","1","X1","Miss","C","Single","Adult",37.4821428571429,"result",951
"952","0","X3","Mr","S","Single","Child",7.8958,"result",952
"953","0","X2","Mr","S","Single","Adult",13.5,"result",953
"954","0","X3","Mr","S","Single","Adult",7.75,"result",954
"955","1","X3","Miss","Q","Single","Adult",7.725,"result",955
"956","1","X1","Master","C","Large","Child",37.4821428571429,"result",956
"957","1","X2","Mrs","S","Single","Adult",10.5,"result",957
"958","1","X3","Miss","Q","Single","Adult",7.8792,"result",958
"959","0","X1","Mr","S","Single","Adult",21.2,"result",959
"960","1","X1","Mr","C","Single","Adult",28.5375,"result",960
"961","1","X1","Mrs","S","Large","Adult",43.8333333333333,"result",961
"962","1","X3","Miss","Q","Single","Adult",7.75,"result",962
"963","0","X3","Mr","S","Single","Adult",7.8958,"result",963
"964","1","X3","Miss","S","Single","Adult",7.925,"result",964
"965","1","X1","Mr","C","Single","Adult",27.7208,"result",965
"966","1","X1","Miss","C","Single","Adult",42.3,"result",966
"967","0","X1","Mr","C","Single","Adult",42.3,"result",967
"968","0","X3","Mr","S","Single","Adult",8.05,"result",968
"969","1","X1","Mrs","S","Regular","Adult",25.7,"result",969
"970","0","X2","Mr","S","Single","Adult",13,"result",970
"971","1","X3","Miss","Q","Single","Adult",7.75,"result",971
"972","1","X3","Master","C","Regular","Child",5.08193333333333,"result",972
"973","0","X1","Mr","S","Regular","Elder",55.4448,"result",973
"974","0","X1","Mr","S","Single","Adult",26,"result",974
"975","0","X3","Mr","S","Single","Adult",7.8958,"result",975
"976","0","X2","Mr","Q","Single","Adult",10.7083,"result",976
"977","0","X3","Mr","C","Regular","Adult",7.2271,"result",977
"978","1","X3","Miss","Q","Single","Adult",7.8792,"result",978
"979","0","X3","Miss","S","Single","Adult",8.05,"result",979
"980","1","X3","Miss","Q","Single","Adult",7.75,"result",980
"981","1","X2","Master","S","Regular","Child",7.66666666666667,"result",981
"982","1","X3","Mrs","S","Regular","Adult",6.95,"result",982
"983","0","X3","Mr","S","Single","Adult",7.775,"result",983
"984","1","X1","Mrs","S","Regular","Adult",26,"result",984
"985","0","X3","Mr","S","Single","Adult",8.05,"result",985
"986","1","X1","Mr","C","Single","Adult",26,"result",986
"987","0","X3","Mr","S","Single","Adult",7.7958,"result",987
"988","1","X1","Mrs","S","Regular","Elder",26.2833333333333,"result",988
"989","0","X3","Mr","S","Single","Adult",7.925,"result",989
"990","1","X3","Miss","S","Single","Adult",7.8542,"result",990
"991","0","X3","Mr","S","Single","Adult",8.05,"result",991
"992","1","X1","Mrs","C","Regular","Adult",27.72085,"result",992
"993","0","X2","Mr","S","Regular","Adult",13,"result",993
"994","0","X3","Mr","Q","Single","Elder",7.75,"result",994
"995","0","X3","Mr","S","Single","Adult",7.775,"result",995
"996","1","X3","Mrs","C","Regular","Child",4.25835,"result",996
"997","0","X3","Mr","S","Single","Adult",7.50833333333333,"result",997
"998","0","X3","Mr","Q","Single","Adult",7.8208,"result",998
"999","0","X3","Mr","Q","Single","Adult",7.75,"result",999
"1000","0","X3","Mr","S","Single","Adult",8.7125,"result",1000
"1001","0","X2","Mr","S","Single","Adult",13,"result",1001
"1002","0","X2","Mr","C","Single","Adult",15.0458,"result",1002
"1003","1","X3","Miss","Q","Single","Child",7.7792,"result",1003
"1004","1","X1","Miss","C","Single","Adult",31.6792,"result",1004
"1005","1","X3","Miss","Q","Single","Adult",7.2833,"result",1005
"1006","1","X1","Mrs","S","Regular","Adult",55.4448,"result",1006
"1007","0","X3","Mr","C","Regular","Adult",7.2271,"result",1007
"1008","0","X3","Mr","C","Single","Adult",6.4375,"result",1008
"1009","1","X3","Miss","S","Regular","Child",5.56666666666667,"result",1009
"1010","0","X1","Mr","C","Single","Adult",37.62085,"result",1010
"1011","1","X2","Mrs","S","Regular","Adult",13,"result",1011
"1012","1","X2","Miss","S","Single","Child",7.875,"result",1012
"1013","0","X3","Mr","Q","Regular","Adult",7.75,"result",1013
"1014","1","X1","Mrs","C","Regular","Adult",28.875,"result",1014
"1015","0","X3","Mr","S","Single","Adult",7.25,"result",1015
"1016","0","X3","Mr","Q","Single","Adult",7.75,"result",1016
"1017","1","X3","Miss","S","Regular","Child",8.05,"result",1017
"1018","0","X3","Mr","S","Single","Adult",7.7958,"result",1018
"1019","1","X3","Miss","Q","Regular","Child",7.75,"result",1019
"1020","0","X2","Mr","S","Single","Adult",13,"result",1020
"1021","0","X3","Mr","S","Single","Adult",8.05,"result",1021
"1022","0","X3","Mr","S","Single","Adult",8.05,"result",1022
"1023","1","X1","Mr","C","Single","Adult",28.5,"result",1023
"1024","0","X3","Mrs","S","Large","Adult",5.09334,"result",1024
"1025","0","X3","Mr","C","Regular","Adult",6.4375,"result",1025
"1026","0","X3","Mr","S","Single","Adult",7.8958,"result",1026
"1027","0","X3","Mr","S","Single","Adult",7.8542,"result",1027
"1028","0","X3","Mr","C","Single","Adult",7.225,"result",1028
"1029","0","X2","Mr","S","Single","Adult",13,"result",1029
"1030","0","X3","Miss","S","Single","Adult",8.05,"result",1030
"1031","0","X3","Mr","S","Large","Adult",5.8625,"result",1031
"1032","0","X3","Miss","S","Large","Child",5.8625,"result",1032
"1033","1","X1","Miss","S","Single","Adult",25.2583333333333,"result",1033
"1034","0","X1","Mr","C","Large","Adult",37.4821428571429,"result",1034
"1035","0","X2","Mr","S","Single","Adult",13,"result",1035
"1036","1","X1","Mr","S","Single","Adult",26.55,"result",1036
"1037","0","X3","Mr","S","Regular","Adult",9,"result",1037
"1038","0","X1","Mr","S","Single","Elder",25.93125,"result",1038
"1039","0","X3","Mr","S","Single","Adult",8.05,"result",1039
"1040","1","X1","Mr","S","Single","Adult",26.55,"result",1040
"1041","0","X2","Mr","S","Regular","Adult",13,"result",1041
"1042","1","X1","Mrs","C","Regular","Adult",27.7194333333333,"result",1042
"1043","0","X3","Mr","C","Single","Adult",7.8958,"result",1043
"1044","0","X3","Mr","S","Single","Adult",8.05,"result",1044
"1045","1","X3","Mrs","S","Regular","Adult",6.09165,"result",1045
"1046","1","X3","Master","S","Large","Child",4.48392857142857,"result",1046
"1047","0","X3","Mr","S","Single","Adult",7.55,"result",1047
"1048","1","X1","Miss","S","Single","Adult",55.4448,"result",1048
"1049","1","X3","Miss","S","Single","Adult",7.8542,"result",1049
"1050","1","X1","Mr","S","Single","Adult",26.55,"result",1050
"1051","1","X3","Mrs","S","Regular","Adult",4.59166666666667,"result",1051
"1052","1","X3","Miss","Q","Single","Adult",7.7333,"result",1052
"1053","1","X3","Master","C","Regular","Child",5.08193333333333,"result",1053
"1054","1","X2","Miss","S","Single","Adult",13.5,"result",1054
"1055","0","X3","Mr","S","Single","Adult",7,"result",1055
"1056","0","X2","Mr","S","Single","Adult",13,"result",1056
"1057","1","X3","Mrs","S","Regular","Adult",7.34166666666667,"result",1057
"1058","0","X1","Mr","C","Single","Adult",50.4958,"result",1058
"1059","0","X3","Mr","S","Large","Adult",6.875,"result",1059
"1060","1","X1","Mrs","C","Single","Adult",27.7208,"result",1060
"1061","0","X3","Miss","S","Single","Adult",8.9625,"result",1061
"1062","0","X3","Mr","S","Single","Adult",7.55,"result",1062
"1063","0","X3","Mr","C","Single","Adult",7.225,"result",1063
"1064","0","X3","Mr","S","Regular","Adult",6.95,"result",1064
"1065","0","X3","Mr","C","Single","Adult",7.2292,"result",1065
"1066","0","X3","Mr","S","Large","Adult",4.48392857142857,"result",1066
"1067","1","X2","Miss","S","Regular","Child",13,"result",1067
"1068","1","X2","Miss","S","Single","Adult",9.1875,"result",1068
"1069","1","X1","Mr","C","Regular","Adult",27.72085,"result",1069
"1070","1","X2","Mrs","S","Regular","Adult",9.75,"result",1070
"1071","1","X1","Mrs","C","Regular","Adult",27.7194333333333,"result",1071
"1072","0","X2","Mr","S","Single","Adult",13,"result",1072
"1073","1","X1","Mr","C","Regular","Adult",27.7194333333333,"result",1073
"1074","1","X1","Mrs","S","Regular","Adult",26.55,"result",1074
"1075","0","X3","Mr","Q","Single","Adult",7.75,"result",1075
"1076","1","X1","Mrs","C","Regular","Adult",82.5069333333333,"result",1076
"1077","0","X2","Mr","S","Single","Adult",16,"result",1077
"1078","1","X2","Miss","S","Regular","Adult",10.5,"result",1078
"1079","0","X3","Mr","S","Regular","Child",8.05,"result",1079
"1080","0","X3","Miss","S","Large","Child",6.32272727272727,"result",1080
"1081","0","X2","Mr","S","Single","Adult",13,"result",1081
"1082","0","X2","Mr","S","Regular","Adult",13,"result",1082
"1083","0","X1","Mr","S","Single","Adult",26,"result",1083
"1084","1","X3","Master","S","Regular","Child",4.83333333333333,"result",1084
"1085","0","X2","Mr","Q","Single","Adult",12.35,"result",1085
"1086","1","X2","Master","S","Regular","Child",10.8333333333333,"result",1086
"1087","0","X3","Mr","S","Single","Adult",7.8542,"result",1087
"1088","1","X1","Master","C","Regular","Child",26.9,"result",1088
"1089","1","X3","Miss","S","Single","Adult",7.775,"result",1089
"1090","0","X2","Mr","S","Single","Adult",10.5,"result",1090
"1091","1","X3","Mrs","S","Single","Adult",8.1125,"result",1091
"1092","1","X3","Miss","Q","Single","Adult",7.75,"result",1092
"1093","1","X3","Master","S","Regular","Child",4.8,"result",1093
"1094","1","X1","Mr","C","Regular","Adult",45.505,"result",1094
"1095","1","X2","Miss","S","Regular","Child",8.66666666666667,"result",1095
"1096","0","X2","Mr","S","Single","Adult",10.5,"result",1096
"1097","1","X1","Mr","C","Single","Adult",25.7417,"result",1097
"1098","1","X3","Miss","Q","Single","Adult",7.75,"result",1098
"1099","0","X2","Mr","S","Single","Adult",10.5,"result",1099
"1100","1","X1","Miss","C","Single","Adult",27.7208,"result",1100
"1101","0","X3","Mr","S","Single","Adult",7.8958,"result",1101
"1102","0","X3","Mr","S","Single","Adult",7.50833333333333,"result",1102
"1103","0","X3","Mr","S","Single","Adult",7.05,"result",1103
"1104","0","X2","Mr","S","Single","Child",10.5,"result",1104
"1105","1","X2","Mrs","S","Regular","Adult",13,"result",1105
"1106","1","X3","Miss","S","Large","Adult",7.775,"result",1106
"1107","0","X1","Mr","S","Single","Adult",42.5,"result",1107
"1108","1","X3","Miss","Q","Single","Adult",7.8792,"result",1108
"1109","0","X1","Mr","S","Regular","Adult",41.216675,"result",1109
"1110","1","X1","Mrs","C","Regular","Adult",42.3,"result",1110
"1111","0","X3","Mr","S","Single","Adult",8.05,"result",1111
"1112","1","X2","Miss","C","Regular","Adult",13.8583,"result",1112
"1113","0","X3","Mr","S","Single","Adult",8.05,"result",1113
"1114","1","X2","Mrs","S","Single","Adult",10.5,"result",1114
"1115","0","X3","Mr","S","Single","Adult",7.7958,"result",1115
"1116","1","X1","Mrs","C","Single","Adult",27.4458,"result",1116
"1117","1","X3","Mrs","C","Regular","Adult",5.08193333333333,"result",1117
"1118","0","X3","Mr","S","Single","Adult",7.7958,"result",1118
"1119","1","X3","Miss","Q","Single","Adult",7.75,"result",1119
"1120","0","X3","Mr","S","Single","Adult",7.55,"result",1120
"1121","0","X2","Mr","S","Single","Adult",13,"result",1121
"1122","0","X2","Mr","S","Single","Child",13,"result",1122
"1123","1","X1","Miss","S","Single","Adult",26.55,"result",1123
"1124","0","X3","Mr","S","Regular","Adult",6.4958,"result",1124
"1125","0","X3","Mr","Q","Single","Adult",7.8792,"result",1125
"1126","0","X1","Mr","C","Regular","Adult",35.64165,"result",1126
"1127","0","X3","Mr","S","Single","Adult",7.8542,"result",1127
"1128","0","X1","Mr","C","Regular","Adult",37.625,"result",1128
"1129","0","X3","Mr","C","Single","Adult",7.225,"result",1129
"1130","1","X2","Miss","S","Regular","Adult",13,"result",1130
"1131","1","X1","Mrs","C","Regular","Adult",35.475,"result",1131
"1132","1","X1","Mrs","C","Single","Adult",27.7208,"result",1132
"1133","1","X2","Mrs","S","Regular","Adult",15,"result",1133
"1134","1","X1","Mr","C","Regular","Adult",26.9,"result",1134
"1135","0","X3","Mr","S","Single","Adult",7.8875,"result",1135
"1136","1","X3","Master","S","Regular","Child",5.8625,"result",1136
"1137","0","X1","Mr","S","Regular","Adult",25.93125,"result",1137
"1138","1","X2","Mrs","S","Single","Adult",10.5,"result",1138
"1139","0","X2","Mr","S","Regular","Adult",10.8333333333333,"result",1139
"1140","1","X2","Mrs","S","Regular","Adult",13,"result",1140
"1141","0","X3","Mrs","C","Regular","Adult",7.2271,"result",1141
"1142","1","X2","Miss","S","Regular","Child",6.9375,"result",1142
"1143","0","X3","Mr","S","Single","Adult",7.925,"result",1143
"1144","1","X1","Mr","C","Regular","Adult",68.3896,"result",1144
"1145","0","X3","Mr","S","Single","Adult",9.325,"result",1145
"1146","0","X3","Mr","S","Single","Adult",9.5,"result",1146
"1147","0","X3","Mr","S","Single","Adult",7.55,"result",1147
"1148","0","X3","Mr","Q","Single","Adult",7.75,"result",1148
"1149","0","X3","Mr","S","Single","Adult",8.05,"result",1149
"1150","1","X2","Miss","S","Single","Adult",13,"result",1150
"1151","0","X3","Mr","S","Single","Adult",7.775,"result",1151
"1152","0","X3","Mr","S","Regular","Adult",8.7,"result",1152
"1153","0","X3","Mr","S","Single","Adult",7.8542,"result",1153
"1154","1","X2","Mrs","S","Regular","Adult",7.66666666666667,"result",1154
"1155","1","X3","Miss","S","Regular","Child",6.09165,"result",1155
"1156","0","X2","Mr","C","Single","Adult",12.7375,"result",1156
"1157","0","X3","Mr","S","Single","Adult",7.8958,"result",1157
"1158","0","X1","Mr","S","Single","Adult",0,"result",1158
"1159","0","X3","Mr","S","Single","Adult",7.55,"result",1159
"1160","0","X3","Miss","S","Single","Adult",8.05,"result",1160
"1161","0","X3","Mr","S","Single","Child",8.6625,"result",1161
"1162","0","X1","Mr","C","Single","Adult",37.62085,"result",1162
"1163","0","X3","Mr","Q","Single","Adult",7.75,"result",1163
"1164","1","X1","Mrs","C","Regular","Adult",68.3896,"result",1164
"1165","1","X3","Miss","Q","Regular","Child",7.75,"result",1165
"1166","0","X3","Mr","C","Single","Adult",7.225,"result",1166
"1167","1","X2","Miss","S","Regular","Adult",13,"result",1167
"1168","0","X2","Mr","S","Single","Adult",10.5,"result",1168
"1169","0","X2","Mr","S","Regular","Adult",13,"result",1169
"1170","0","X2","Mr","S","Regular","Adult",10.5,"result",1170
"1171","0","X2","Mr","S","Single","Adult",10.5,"result",1171
"1172","0","X3","Miss","S","Single","Adult",8.6625,"result",1172
"1173","1","X3","Master","S","Regular","Child",4.59166666666667,"result",1173
"1174","1","X3","Miss","Q","Single","Adult",7.75,"result",1174
"1175","1","X3","Miss","C","Regular","Child",5.08193333333333,"result",1175
"1176","1","X3","Miss","S","Regular","Child",6.7375,"result",1176
"1177","0","X3","Mr","S","Single","Adult",7.25,"result",1177
"1178","0","X3","Mr","S","Single","Adult",7.25,"result",1178
"1179","0","X1","Mr","S","Regular","Adult",41.13335,"result",1179
"1180","0","X3","Mr","C","Single","Adult",7.2292,"result",1180
"1181","0","X3","Mr","S","Single","Adult",8.05,"result",1181
"1182","0","X1","Mr","S","Single","Adult",39.6,"result",1182
"1183","1","X3","Miss","Q","Single","Adult",6.95,"result",1183
"1184","0","X3","Mr","C","Single","Adult",7.2292,"result",1184
"1185","0","X1","Mr","S","Regular","Adult",27.2861,"result",1185
"1186","0","X3","Mr","S","Single","Adult",9.5,"result",1186
"1187","0","X3","Mr","S","Single","Adult",7.8958,"result",1187
"1188","1","X2","Miss","C","Regular","Child",10.3948,"result",1188
"1189","0","X3","Mr","C","Regular","Adult",7.2264,"result",1189
"1190","0","X1","Mr","S","Single","Adult",45.5,"result",1190
"1191","0","X3","Mr","S","Single","Adult",7.8542,"result",1191
"1192","0","X3","Mr","S","Single","Adult",7.775,"result",1192
"1193","0","X2","Mr","C","Single","Adult",15.0458,"result",1193
"1194","0","X2","Mr","S","Regular","Adult",10.5,"result",1194
"1195","0","X3","Mr","S","Single","Adult",8.6625,"result",1195
"1196","1","X3","Miss","Q","Single","Adult",7.75,"result",1196
"1197","1","X1","Mrs","S","Regular","Adult",26.55,"result",1197
"1198","1","X1","Mr","S","Regular","Adult",25.2583333333333,"result",1198
"1199","1","X3","Master","S","Regular","Child",4.675,"result",1199
"1200","0","X1","Mr","S","Regular","Adult",23.375,"result",1200
"1201","1","X3","Mrs","S","Regular","Adult",7.05415,"result",1201
"1202","0","X3","Mr","S","Single","Adult",8.6625,"result",1202
"1203","0","X3","Mr","C","Single","Adult",7.225,"result",1203
"1204","0","X3","Mr","S","Single","Adult",7.575,"result",1204
"1205","1","X3","Miss","Q","Single","Adult",7.75,"result",1205
"1206","1","X1","Mrs","C","Single","Adult",33.908325,"result",1206
"1207","1","X3","Miss","Q","Single","Child",7.7333,"result",1207
"1208","1","X1","Mr","C","Regular","Adult",48.8402666666667,"result",1208
"1209","0","X2","Mr","S","Single","Adult",10.5,"result",1209
"1210","0","X3","Mr","S","Single","Adult",7.8542,"result",1210
"1211","0","X2","Mr","S","Regular","Adult",10.5,"result",1211
"1212","0","X3","Mr","S","Single","Adult",7.775,"result",1212
"1213","0","X3","Mr","C","Single","Adult",7.2292,"result",1213
"1214","0","X2","Mr","S","Single","Adult",13,"result",1214
"1215","1","X1","Mr","S","Single","Adult",26.55,"result",1215
"1216","1","X1","Miss","S","Single","Adult",52.834375,"result",1216
"1217","0","X3","Mr","S","Single","Adult",7.05,"result",1217
"1218","1","X2","Miss","S","Regular","Child",9.75,"result",1218
"1219","0","X1","Mr","C","Single","Adult",39.6,"result",1219
"1220","0","X2","Mr","S","Regular","Adult",13,"result",1220
"1221","0","X2","Mr","S","Single","Adult",13,"result",1221
"1222","1","X2","Mrs","S","Regular","Adult",9.1875,"result",1222
"1223","1","X1","Mr","C","Single","Adult",29.7,"result",1223
"1224","0","X3","Mr","C","Single","Adult",7.225,"result",1224
"1225","1","X3","Mrs","C","Regular","Adult",5.24723333333333,"result",1225
"1226","0","X3","Mr","S","Single","Adult",7.8958,"result",1226
"1227","0","X1","Mr","S","Single","Adult",26,"result",1227
"1228","0","X2","Mr","S","Single","Adult",13,"result",1228
"1229","0","X3","Mr","C","Regular","Adult",7.2292,"result",1229
"1230","0","X2","Mr","S","Single","Adult",10.5,"result",1230
"1231","1","X3","Master","C","Single","Adult",7.2292,"result",1231
"1232","0","X2","Mr","S","Single","Adult",10.5,"result",1232
"1233","0","X3","Mr","S","Single","Adult",7.5792,"result",1233
"1234","0","X3","Mr","S","Large","Adult",6.32272727272727,"result",1234
"1235","1","X1","Mrs","C","Regular","Adult",128.0823,"result",1235
"1236","1","X3","Master","S","Regular","Child",4.83333333333333,"result",1236
"1237","1","X3","Miss","S","Single","Child",7.65,"result",1237
"1238","0","X2","Mr","S","Single","Adult",13,"result",1238
"1239","1","X3","Mrs","C","Single","Adult",7.2292,"result",1239
"1240","0","X2","Mr","S","Single","Adult",13.5,"result",1240
"1241","1","X2","Miss","S","Single","Adult",10.5,"result",1241
"1242","1","X1","Mrs","C","Regular","Adult",31.67915,"result",1242
"1243","0","X2","Mr","S","Single","Adult",10.5,"result",1243
"1244","0","X2","Mr","S","Single","Adult",10.5,"result",1244
"1245","0","X2","Mr","S","Regular","Adult",13,"result",1245
"1246","1","X3","Miss","S","Regular","Child",5.14375,"result",1246
"1247","0","X1","Mr","S","Single","Adult",26,"result",1247
"1248","1","X1","Mrs","S","Regular","Adult",25.7396,"result",1248
"1249","0","X3","Mr","S","Single","Adult",7.8792,"result",1249
"1250","0","X3","Mr","Q","Single","Adult",7.75,"result",1250
"1251","1","X3","Mrs","S","Regular","Adult",7.775,"result",1251
"1252","0","X3","Master","S","Large","Child",6.32272727272727,"result",1252
"1253","1","X2","Mrs","C","Regular","Adult",12.3347333333333,"result",1253
"1254","1","X2","Mrs","S","Single","Adult",10.5,"result",1254
"1255","0","X3","Mr","S","Single","Adult",8.6625,"result",1255
"1256","1","X1","Mrs","C","Regular","Adult",27.72085,"result",1256
"1257","0","X3","Mrs","S","Large","Adult",6.32272727272727,"result",1257
"1258","0","X3","Mr","C","Regular","Adult",7.22915,"result",1258
"1259","1","X3","Miss","S","Single","Adult",5.66964285714286,"result",1259
"1260","1","X1","Mrs","C","Regular","Adult",29.7,"result",1260
"1261","1","X2","Mr","C","Single","Adult",13.8583,"result",1261
"1262","0","X2","Mr","S","Regular","Adult",11.5,"result",1262
"1263","1","X1","Miss","C","Single","Adult",26.9,"result",1263
"1264","0","X1","Mr","S","Single","Adult",0,"result",1264
"1265","0","X2","Mr","S","Single","Adult",13,"result",1265
"1266","1","X1","Mrs","S","Regular","Adult",27.2861,"result",1266
"1267","1","X1","Miss","C","Single","Adult",37.4821428571429,"result",1267
"1268","0","X3","Miss","S","Regular","Adult",8.6625,"result",1268
"1269","0","X2","Mr","S","Single","Adult",11.5,"result",1269
"1270","0","X1","Mr","S","Single","Adult",50,"result",1270
"1271","1","X3","Master","S","Large","Child",4.48392857142857,"result",1271
"1272","0","X3","Mr","Q","Single","Adult",7.75,"result",1272
"1273","0","X3","Mr","Q","Single","Adult",7.8792,"result",1273
"1274","1","X3","Mrs","S","Single","Adult",7.25,"result",1274
"1275","1","X3","Mrs","S","Regular","Adult",8.05,"result",1275
"1276","0","X2","Mr","S","Single","Adult",12.875,"result",1276
"1277","1","X2","Miss","S","Regular","Adult",13,"result",1277
"1278","0","X3","Mr","S","Single","Adult",7.775,"result",1278
"1279","0","X2","Mr","S","Single","Adult",13,"result",1279
"1280","0","X3","Mr","Q","Single","Adult",7.75,"result",1280
"1281","0","X3","Master","S","Large","Child",4.215,"result",1281
"1282","0","X1","Mr","S","Single","Adult",23.375,"result",1282
"1283","1","X1","Mrs","S","Regular","Adult",19.7,"result",1283
"1284","1","X3","Master","S","Regular","Child",6.75,"result",1284
"1285","0","X2","Mr","S","Single","Adult",10.5,"result",1285
"1286","0","X3","Mr","S","Large","Adult",7.34166666666667,"result",1286
"1287","1","X1","Mrs","S","Regular","Adult",30,"result",1287
"1288","0","X3","Mr","Q","Single","Adult",7.25,"result",1288
"1289","1","X1","Mrs","C","Regular","Adult",39.6,"result",1289
"1290","0","X3","Mr","S","Single","Adult",7.775,"result",1290
"1291","0","X3","Mr","Q","Single","Adult",7.7333,"result",1291
"1292","1","X1","Miss","S","Single","Adult",41.216675,"result",1292
"1293","0","X2","Mr","S","Regular","Adult",10.5,"result",1293
"1294","1","X1","Miss","C","Regular","Adult",29.7,"result",1294
"1295","0","X1","Mr","S","Single","Child",23.55,"result",1295
"1296","1","X1","Mr","C","Regular","Adult",27.7208,"result",1296
"1297","1","X2","Mr","C","Single","Adult",13.8625,"result",1297
"1298","0","X2","Mr","S","Regular","Adult",10.5,"result",1298
"1299","0","X1","Mr","C","Regular","Adult",42.3,"result",1299
"1300","1","X3","Miss","Q","Single","Adult",7.7208,"result",1300
"1301","1","X3","Miss","S","Regular","Child",4.59166666666667,"result",1301
"1302","1","X3","Miss","Q","Single","Adult",7.75,"result",1302
"1303","1","X1","Mrs","Q","Regular","Adult",30,"result",1303
"1304","1","X3","Miss","S","Single","Adult",7.775,"result",1304
"1305","0","X3","Mr","S","Single","Adult",8.05,"result",1305
"1306","1","X1","Mrs","C","Single","Adult",36.3,"result",1306
"1307","0","X3","Mr","S","Single","Adult",7.25,"result",1307
"1308","0","X3","Mr","S","Single","Adult",8.05,"result",1308
"1309","1","X3","Master","C","Regular","Child",7.45276666666667,"result",1309
